{
    // Use IntelliSense to learn about possible attributes.
    // Hover to view descriptions of existing attributes.
    // For more information, visit: https://go.microsoft.com/fwlink/?linkid=830387
    "version": "0.2.0",
   "configurations": [
    {
      "name": ".NET Core Launch (console)",
      "type": "coreclr",
      "request": "launch",
      "preLaunchTask": "build",
      "program": "${workspaceFolder}/bin/Debug/net8.0/GroceryWebApi.dll",
      "args": [],
      "cwd": "${workspaceFolder}",
      "stopAtEntry": false,
      "serverReadyAction": {
        "action": "openExternally",
        "pattern": "\\bNow listening on:\\s+(https?://\\S+)"
      },
      "env": {
        "ASPNETCORE_ENVIRONMENT": "Development"
      },
      "envFile": "${workspaceFolder}/.env",
      "console": "internalConsole",
      "internalConsoleOptions": "openOnSessionStart"
    }
  ]
}